<!DOCTYPE mapper
        PUBLIC "-//mybatis.org//DTD Mapper 3.0//EN"
        "http://mybatis.org/dtd/mybatis-3-mapper.dtd">

<mapper namespace="net.softsociety.spring5.dao.MemberDAO">

<!-- 저장 -->
<insert id="insertMember" parameterType="Member">
	INSERT INTO spring5_member
		(
			memberid
			, memberpw
			, membername
			, email
			, phone
			, address
		)
		VALUES
		(
			#{memberid}
			, #{memberpw}
			, #{membername}
			, #{email}
			, #{phone}
			, #{address}
		)
</insert>

<!-- 회원정보 조회 -->
<select id="selectOne" parameterType="string" resultType="Member">
	SELECT * FROM spring5_member WHERE memberid = #{memberid}
</select>

<!-- 회원정보 수정 -->
<update id="updateMember" parameterType="Member">
	<!-- 회원아이디를 조건으로 이름/이메일/전화/주소를 수정 -->
	UPDATE spring5_member
	SET
		membername = #{membername}
		, email = #{email}
		, phone = #{phone}
		, address = #{address}
		<if test="memberpw != null and memberpw != ''"> <!-- null도 아니고  -->
		, memberpw = #{memberpw}
		</if>
	WHERE memberid = #{memberid}
</update>

</mapper>
